evento,Q_pico_medido,Qp_CN1_calc,Qp_CN2_calc,Qp_CN3_calc,erro_CN1_%,erro_CN2_%,erro_CN3_%
1,10.288,7.082952158411688,116.23478189880723,277.71449052621153,-31.153264401130563,1029.8093108359956,2599.40212408837
2,30.385,137.7711955442882,294.3629651382409,413.11619639656686,353.4184483932473,868.7772425151912,1259.605714650541
3,16.56,608.6959852685394,1098.004455107619,1429.6387545876696,3575.7003941336925,6530.461685432482,8533.084266833755
4,17.028,49.82782944928037,244.89350249740193,461.478915598143,192.6229119642963,1338.1812455802321,2610.1181324767617
5,22.085,517.7766239231067,900.1246891408321,1152.4862029264982,2244.4719217709157,3975.728726016898,5118.411604829062
6,14.687,221.35640657648332,551.793132711306,826.003219828092,1407.158756563514,3657.017312666345,5524.0431662565
7,16.419,74.00178906005597,214.7011652599284,340.9959995055859,350.70825909041946,1207.638499664586,1976.8378068432057
8,20.389,490.3599080879474,767.9588048874422,937.2923005660132,2305.0218651623295,3666.5349202385705,4497.048901692153
9,11.792,394.02170239659756,592.0475915091811,708.9355994594712,3241.432347325285,4920.75637304258,5912.0047443985
10,10.618,41.273573756298156,160.15901560051952,281.34375126192253,288.7132582058594,1408.3727217980743,2549.6868643993457
11,20.95,143.61505252458252,246.8185788064976,314.3676871811921,585.5133772056445,1078.1316410811341,1400.561752654855
12,13.149,165.76348547899653,553.2141128325796,924.2366060342953,1160.6546922123093,4107.271372975738,6928.949775909159
13,16.012,544.443225374079,887.7905019824187,1103.8633033292942,3300.2199935927997,5444.532238211458,6793.975164434763
14,22.256,647.0798826202541,996.8271658504787,1207.4194656511881,2807.440162743773,4378.914296596328,5325.141380531937
15,28.371,1028.033369888039,1364.495728125596,1543.5326120678549,3523.5358989391952,4709.473505077706,5340.529456373955
16,23.114,276.70124706230393,409.4082809433146,486.7709028592037,1097.1153719057884,1671.2567316055836,2005.9570081301538
17,21.362,395.94082514665286,757.4723710680562,1012.6832131482983,1753.4820014355064,3445.8869537873616,4640.582404027237
