evento,T_R_m3_medido,Q_pico_medido,Vol_CN1_calc,Vol_CN2_calc,Vol_CN3_calc,erro_CN1_%,erro_CN2_%,erro_CN3_%
1,409024.8,10.288,123696.18906519376,470332.10148592293,1045064.0959905386,-69.75826671996569,14.988651418183677,155.50140137970573
2,2629890.0,30.385,1170643.8025211096,2648365.6283550262,4361231.301892281,-55.48696703964387,0.7025247578806051,65.8332212332942
3,1070229.6,16.56,1564733.4136936069,3310974.965432167,5218456.387122154,46.20539496324964,209.37052810277038,387.6015751313694
4,1703552.4,17.028,423112.88854032755,1179630.7554230094,2218597.3952310085,-75.16290731413207,-30.754653897173373,30.233586899411407
5,1839636.0,22.085,1429488.816284582,3000488.4908202887,4717035.042955399,-22.295018346858726,63.10229256332713,156.4113250096975
6,325375.2,14.687,411892.4536639456,1097320.1584151168,2015482.2653681338,26.589996307015895,237.2476323994935,519.4332774495824
7,1301475.6,16.419,390523.83662952785,1097208.3744760752,2072653.3949480057,-69.99376426038815,-15.695048414578414,59.25411086831021
8,2581041.6,20.389,2536102.338403046,4868207.095079899,7183597.714201927,-1.7411289146580962,88.61405004397832,178.32165565258333
9,1736787.6,11.792,3170406.998989105,5863110.64905262,8429270.887161255,82.54431336273387,237.58363135783668,385.33688789356023
10,1235833.2,10.618,179388.69112295273,591953.6145826876,1228345.1521618962,-85.48439294858298,-52.10084867580126,-0.6059108816710641
11,2436681.600000001,20.95,2004014.9060060978,4064608.7450904846,6221259.368570328,-17.75639024786427,66.80918611157416,155.31687720588218
12,187488.0,13.149,184420.8483122107,572778.2063612544,1150300.283961203,-1.6359189322992944,205.50126214011266,513.5327508753643
13,1198490.4,16.012,2097661.7239127457,4163532.0302922726,6287911.481749535,75.02532551889827,247.3980292451465,424.6526364958396
14,1822248.0,22.256,2558874.6055212617,4866292.978785276,7140172.716825485,40.42405893825987,167.0488857051991,291.8332036487616
15,4279861.35,28.371,6561599.845775604,10746923.600877762,14211845.62889862,53.31337417684349,151.10448030933904,232.0632251065475
16,3293269.2,23.114,3509609.386702299,6389395.161970139,9084672.49611473,6.569161934964167,94.01375271630204,175.85575136447181
17,883083.6,21.362,1559029.3430223465,3333075.001868248,5285286.086261749,76.54379981944479,277.435953047735,498.5034810137738
