evento,Q_pico_medido,T_R_m3_medido,Qp_calc_com_Q_medido,erro_%
1,10.288,409024.8,6.247996452711203,-39.26908580179624
2,30.385,2629890.0,27.082766971092347,-10.867971133479196
3,16.56,1070229.6,15.468234968138342,-6.592784008826431
4,17.028,1703552.4,25.96755573628089,52.49915278530004
5,22.085,1839636.0,17.148983538173137,-22.350085858396483
6,14.687,325375.2,4.7313752115651395,-67.78528486712645
7,16.419,1301475.6,17.620020847039974,7.314823357329764
8,20.389,2581041.6,15.442240294815324,-24.261904483715117
9,11.792,1736787.6,7.184388174442109,-39.07404872420193
10,10.618,1235833.2,18.529717113339355,74.51231035354449
11,20.95,2436681.600000001,24.630851843209815,17.56969853560771
12,13.149,187488.0,2.953209138923289,-77.54042787342543
13,16.012,1198490.4,15.585225556851514,-2.6653412637302445
14,22.256,1822248.0,21.020809604561567,-5.5499208997053975
15,28.371,4279861.35,24.11352281998453,-15.006440308820512
16,23.114,3293269.2,25.77090749015529,11.494797482717361
17,21.362,883083.6,12.030181128262871,-43.684200317091694
