evento,SY_obs_t,SY_previsao_t,erro_previsao_%,SY_restrito_t,erro_restrito_%,soma_E_unit_previsao_t,soma_E_unit_restrito_t
1,266.356596971754,91.91890250943875,-65.49028499594986,449.31704669274654,68.69003876798844,842.9142041145665,3190.1666067795386
2,2039.885510542506,608.5638210459032,-70.16676583559554,1952.709995741231,-4.2735493904307695,5580.648537629706,13864.30865908844
3,927.7759721409021,1430.751313303005,54.21301653258547,1217.7153074196963,31.251007138042244,13120.267666542626,8645.820893928945
4,1379.8615715214,343.69602814979424,-75.09199217927028,2105.91594721014,52.617914048306396,3151.759389157989,14952.076225294804
5,1371.70090641517,1122.1949856701106,-18.189528021609547,1937.2266842293445,41.22806766178574,10290.746161926234,13754.376610635885
6,198.5585811262063,345.2413917185968,73.87382089478021,345.5367123230464,74.02255312421829,3165.9306734869233,2453.3226352819916
7,1316.556161297211,216.91640972738708,-83.52395316629274,1075.8442776320014,-18.283449710799626,1989.165643551656,7638.5316645763305
8,2108.502321472945,1595.8705322888388,-24.312602550325618,2119.52449650215,0.5227490108479224,14634.443002145345,15048.697396998914
9,1154.553334353747,1625.529595949553,40.792941095218566,1078.7840081348613,-6.562652756210437,14906.422381335462,7659.403853050337
10,847.3217734505544,99.99111883076273,-88.19915621623079,1090.5837457276211,28.709515074353554,916.937996938145,7743.182398988578
11,1821.753506089142,750.4637308090416,-58.80541860901351,1216.088895856651,-33.24624369916566,6881.898294061932,8634.273315452905
12,210.7012060187048,185.62296937934883,-11.90227484370909,246.6252247066325,17.04974516602368,1702.1987124325133,1751.0476445079426
13,1196.490406908975,1510.506305752043,26.24474856044185,1050.9186370909845,-12.166563891979886,13851.63645086249,7461.55875270522
14,1731.22851952016,1823.1831396246862,5.311524103704863,1623.297962092956,-6.234333377151096,16718.943798682027,11525.471801348027
15,3828.831861169188,4358.979069626966,13.846186713873868,3516.7198134198748,-8.151625850031591,39972.68540983042,24968.832579912807
16,1736.072419972066,1429.687949568255,-17.6481388033767,1733.6276513201988,-0.1408218127160009,13110.516414387836,12308.81641936293
17,1709.560387372542,1233.0984774192684,-27.870434614220184,849.6769813029938,-50.29851021472956,11307.752739780757,6032.736020709297
