evento,Q_pico_medido_planilha,Q_pico_medido_serie_horaria,Qp_calc_convolucao,erro_%
1,10.288,10.288,0.8886214143256832,-91.36254457303963
2,30.385,30.385,9.40022260888147,-69.06295011064186
3,16.56,16.56,17.914070525612328,8.176754381716963
4,17.028,17.028,4.138907526969003,-75.69351933891824
5,22.085,22.085,9.784094526272355,-55.69800984255217
6,14.687,14.687,3.3846496178382917,-76.95479255233681
7,16.419,16.419,3.465849897786006,-78.89122420496982
8,20.389,20.389,12.325125945826167,-39.55012042853417
9,11.792,11.792,10.906178781841927,-7.5120523927923415
10,10.618,10.618,1.2965565850321348,-87.78906964558169
11,20.95,20.95,16.50506363692435,-21.216880014680896
12,13.149,13.149,0.9695370583452521,-92.62653389348809
13,16.012,16.012,21.74328751488976,35.793701691792165
14,22.256,22.256,23.5520939769861,5.823571068413461
15,28.371,28.371,32.57609518381514,14.821808127366475
16,23.114,23.114,23.113064692345446,-0.004046498462206486
17,21.362,21.362,17.02455559258836,-20.30448650599962
