evento,T_R_m3_medido,Chuva_evento_mm,lambda_otimo,obs
1,409024.8,23.36426484642652,,"medido > volume maximo possivel (lambda=0.001 -> 329,488) - precisaria de lambda<0.001"
2,2629890.0,57.33948237422189,,"medido > volume maximo possivel (lambda=0.001 -> 1,676,470) - precisaria de lambda<0.001"
3,1070229.6,65.4311237493948,0.1054846434223437,
4,1703552.4,36.18587938465417,,"medido > volume maximo possivel (lambda=0.001 -> 760,992) - precisaria de lambda<0.001"
5,1839636.0,60.91037628300431,0.008667306462385376,
6,325375.2,34.45057552503602,0.06941692045949333,
7,1301475.6,35.52175833712536,,"medido > volume maximo possivel (lambda=0.001 -> 707,152) - precisaria de lambda<0.001"
8,2581041.6,82.53515909871037,0.04631835475605766,
9,1736787.6,92.93905058685878,0.18056756936603843,
10,1235833.2,25.77838533776657,,"medido > volume maximo possivel (lambda=0.001 -> 398,426) - precisaria de lambda<0.001"
11,2436681.600000001,74.0396279229755,0.01437414341275763,
12,187488.0,23.72809902341498,0.048969380021760885,
13,1198490.4,74.88242008507203,0.14718149492438296,
14,1822248.0,82.20345666216136,0.11987291489433523,
15,4279861.35,139.4229078755475,0.1980157971354589,
16,3293269.2,97.67780797059078,0.0657534657576863,
17,883083.6,65.64106835314121,0.12785663190357757,
