evento,duracao_evento_h,lag_centroide_chuva_ate_pico_Q_h,lag_pico_chuva_ate_pico_Q_h
1,39,9.898934788819187,3
2,55,16.964780868560652,22
3,73,15.563350729552457,3
4,66,21.558123461630604,22
5,95,-0.34936494259191075,3
6,26,2.3204360214570503,3
7,83,2.083134419503068,3
8,113,17.7590588107716,23
9,95,-7.074680482420554,19
10,60,4.239180853806106,3
11,92,21.940684952095744,27
12,24,3.9590642854211584,4
13,55,4.163524056325793,6
14,74,17.98687407703488,7
15,150,-0.4787454037071157,21
16,104,19.793478745377673,20
17,50,3.0512752635694937,4
